<?xml version="1.0" encoding="UTF-8"?><metadata>
    <idinfo>
        <citation>
            <citeinfo>
                <origin/>
                <origin/>
                <pubdate>20061102</pubdate>
                <title>TIGER Roads (2005)</title>
                <edition>December 2005</edition>
                <geoform>vector digital data</geoform>
                <serinfo>
                    <sername>RIGIS TIGER Roads 2005</sername>
                    <issue>20061103</issue>
                </serinfo>
                <pubinfo>
                    <pubplace/>
                    <publish>RIGIS</publish>
                </pubinfo>
                <othercit>Suggested bibliographic reference: RIGIS, 2006. TIGER Roads; tigerds05c. Rhode Island Geographic Information System (RIGIS) Data Distribution System, URL: http://www.rigis.org, Environmental Data Center, University of Rhode Island, Kingston, Rhode Island (last date accessed: 14 October 2014).</othercit>
                <onlink>http://maps.edc.uri.edu/arcgis/rest/services/Atlas_TRANS/TIGER_Roads_2005/MapServer/0</onlink>
                <onlink>http://data.rigis.org/TRANS/tiger05c.zip</onlink>
                <lworkcit>
                    <citeinfo>
                        <pubdate>20060315</pubdate>
                        <title>RIGIS Database</title>
                    </citeinfo>
                </lworkcit>
            </citeinfo>
        </citation>
        <descript>
            <abstract>Road Centerlines with street name and address ranges for Rhode Island from  U.S. Census TIGER files 2005 based on RIGIS 1:5000 scale vector mapping and as incorporated into TIGER data for Rhode Island in 2004 by the U.S. Census.Road centerlines in this data set are primarily those previously incorporated into earlier Census TIGER line data. They may include roads recognized by Census in the past that are not necessarily recognized in other RIGIS roads data sets. No attempt was made to edit, change  or update these road centerlines, topology or their feature attributes.</abstract>
            <purpose>Road Centerlines with street name and address ranges for Rhode Island from  U.S. Census TIGER files.</purpose>
            <supplinf>Road centerlines in this data set are primarily those previously incorporated into earlier Census TIGER line data. They may include roads recognized by Census in the past that are not necessarily recognized in other RIGIS roads data sets. No attempt was made to edit, change or update these road centerlines, topology or their feature attributes..</supplinf>
        </descript>
        <timeperd>
            <timeinfo>
                <sngdate>
                    <caldate>20061103</caldate>
                </sngdate>
            </timeinfo>
            <current>publication date</current>
        </timeperd>
        <status>
            <progress>Complete</progress>
            <update>Unknown</update>
        </status>
        <spdom>
            <bounding>
                <westbc>-71.864998</westbc>
                <eastbc>-71.118444</eastbc>
                <northbc>42.018846</northbc>
                <southbc>41.146268</southbc>
            </bounding>
        </spdom>
        <keywords>
            <theme>
                <themekt>ISO 19115 Topic Category</themekt>
                <themekey>transportation</themekey>
            </theme>
            <theme>
                <themekt>None</themekt>
                <themekey>TIGER line</themekey>
                <themekey>roads</themekey>
                <themekey>streets</themekey>
                <themekey>addresses</themekey>
                <themekey>transportation</themekey>
                <themekey>highways</themekey>
            </theme>
            <place>
                <placekt>GNIS</placekt>
                <placekey>New England</placekey>
                <placekey>USA</placekey>
                <placekey>Rhode Island</placekey>
                <placekey>Northeast</placekey>
            </place>
        </keywords>
        <accconst>None</accconst>
        <useconst>These data are shared under the RIGIS license agreement, which can be viewed below: This
 dataset is provided 'as is.’ The producer(s) of this dataset, 
contributors to this dataset, the Rhode Island Geographic Information 
System (RIGIS) consortium, the State of Rhode Island, and the University
 of Rhode Island do not make any warranties of any kind for this 
dataset, and are not liable for any loss or damage however and whenever 
caused by any use of this dataset.Please acknowledge both RIGIS 
and the primary producer(s) of this dataset in any derived products.  
Versions of the RIGIS logo suitable for both printed and web-based 
products are available at http://www.rigis.org/logos.</useconst>
        <ptcontac>
            <cntinfo>
                <cntorgp>
                    <cntorg>Rhode Island Division of Planning</cntorg>
                    <cntper>Vincent Flood</cntper>
                </cntorgp>
                <cntpos>Supervising Planner</cntpos>
                <cntaddr>
                    <addrtype>mailing and physical</addrtype>
                    <address>One Capitol Hill</address>
                    <city>Providence</city>
                    <state>RI</state>
                    <postal>02908-5872</postal>
                </cntaddr>
                <cntvoice>401-222-1243</cntvoice>
                <cntemail>vincent.flood@doa.ri.gov</cntemail>
            </cntinfo>
        </ptcontac>
        <browse>
            <browsen>http://www.rigis.org/images/metadata/transportation/tigerds04c.gif</browsen>
            <browset>GIF</browset>
        </browse>
        <datacred>URI EDC, RIGIS; U.S. Census; RI Dept. of Administration, Division of Planning. Icon Credit: Sergey Krivoy via The Noun Project</datacred>
        <secinfo>
            <secsys>none</secsys>
            <secclass>Unclassified</secclass>
        </secinfo>
        <native>Microsoft Windows 7 Version 6.1 (Build 7601) Service Pack 1; Esri ArcGIS 10.4.1.5686</native>
        <crossref>
            <citeinfo>
                <pubdate>20041201</pubdate>
                <title>RIGIS E911 Roads</title>
            </citeinfo>
        </crossref>
        <crossref>
            <citeinfo>
                <pubdate>20050707</pubdate>
                <title>TIGER line</title>
            </citeinfo>
        </crossref>
    </idinfo>
    <dataqual>
        <attracc>
            <attraccr>Census TIGER/LINE standards</attraccr>
            <qattracc>
                <attraccv>.99</attraccv>
                <attracce>Verified by visual inspection of TIGIER attribute file tables</attracce>
            </qattracc>
        </attracc>
        <logic>As presented, this is an ESRI shape file format data set and a representation only of the originally provided Census TIGER line data.</logic>
        <complete>Complete to the date of publication as presented by Census in TIGER line format</complete>
        <posacc>
            <horizpa>
                <horizpar>National Map Accuracy Standard for 1:5000 mapping for base map E911 roads</horizpar>
                <qhorizpa>
                    <horizpav>15</horizpav>
                    <horizpae>National Map Accuracy Standard for 1:5000 mapping for base map E911 road centerlines</horizpae>
                </qhorizpa>
            </horizpa>
        </posacc>
        <lineage>
            <srcinfo>
                <srccite>
                    <citeinfo>
                        <pubdate>20050707</pubdate>
                        <title>U.S. Census TIGER/LINE</title>
                    </citeinfo>
                </srccite>
                <srcscale>5000</srcscale>
                <typesrc>CD-ROM</typesrc>
                <srctime>
                    <timeinfo>
                        <sngdate>
                            <caldate>20050707</caldate>
                        </sngdate>
                    </timeinfo>
                    <srccurr>publication date</srccurr>
                </srctime>
                <srccitea>U.S. Census TIGER/LINE</srccitea>
                <srccontr>Base data set</srccontr>
            </srcinfo>
            <srcinfo>
                <srccite>
                    <citeinfo>
                        <pubdate>19990101</pubdate>
                        <title>RI E911 Road Centerlines</title>
                    </citeinfo>
                </srccite>
                <srcscale>5000</srcscale>
                <typesrc>None</typesrc>
                <srccitea>RI E911 Road Centerlines</srccitea>
                <srccontr>Used as spatial base for roads by U.S. Census</srccontr>
            </srcinfo>
            <procstep>
                <procdesc>TIGER line files on RI county tiles were extracted into ESRI shapefiles using the TIGERARC command from a command prompt with ESRI ArcGIS - ArcInfo software. Individual shape files were projected into the RISPC in US survey feet wtih ESRI ArcGIS ArcCatalog. Road centerlines were isolated from othr (hydro etc) data by selecting on type codes (A11- A74) in feature attribute tables. Individual county tile based data was merged into a statewide data set using the Merge geoprocessor tool in ArcGIS ArcMap. Feature attribute fields in the attribute table considered extraneous were deleted by manually editing the table. Edited in July 2006 to correct omission of some US highways and interstates.</procdesc>
                <procdate>20060710</procdate>
                <proccont>
                    <cntinfo>
                        <cntorgp>
                            <cntorg>Rhode Island Dept. of Administration - RIGIS</cntorg>
                            <cntper>John Stachelhaus</cntper>
                        </cntorgp>
                        <cntpos>RIGIS Coordinator</cntpos>
                        <cntaddr>
                            <addrtype>mailing and physical</addrtype>
                            <address>One Capitol Hill - RIGIS</address>
                            <address>265 Melrose</address>
                            <address>RI Dept. of Administration</address>
                            <city>Providence</city>
                            <state>RI</state>
                            <postal>02908</postal>
                            <country>US</country>
                        </cntaddr>
                        <cntvoice>401 222.6483</cntvoice>
                        <cntemail>rigis@admin.ri.gov</cntemail>
                        <hours>M-F 8-4</hours>
                    </cntinfo>
                </proccont>
            </procstep>
            <procstep>
                <procdesc>Updated Point of Contact information for this dataset from "John Stachalhaus" to "Vincent Flood."</procdesc>
                <procdate>20150529</procdate>
                <proccont>
                    <cntinfo>
                        <cntorgp>
                            <cntorg>University of Rhode Island Environmental Data Center</cntorg>
                            <cntper>Erica Tefft</cntper>
                        </cntorgp>
                        <cntpos>Research Associate</cntpos>
                        <cntaddr>
                            <addrtype>mailing and physical</addrtype>
                            <address>1 Greenhouse Road</address>
                            <address>Coastal Institute</address>
                            <city>Kingston</city>
                            <state>RI</state>
                            <postal>02881</postal>
                        </cntaddr>
                        <cntvoice>401-874-5054</cntvoice>
                        <cntemail>erica@edc.uri.edu</cntemail>
                    </cntinfo>
                </proccont>
            </procstep>
        </lineage>
    </dataqual>
    <spdoinfo>
        <direct>Vector</direct>
        <ptvctinf>
            <sdtsterm>
                <sdtstype>String</sdtstype>
                <ptvctcnt>90981</ptvctcnt>
            </sdtsterm>
        </ptvctinf>
    </spdoinfo>
    <eainfo>
        <detailed>
            <enttyp>
                <enttypl>TRANS_Roads_TIGER</enttypl>
            </enttyp>
            <attr>
                <attrlabl>TOADDL</attrlabl>
            </attr>
            <attr>
                <attrlabl>FRLAT</attrlabl>
            </attr>
            <attr>
                <attrlabl>zipx</attrlabl>
            </attr>
            <attr>
                <attrlabl>TRACTL</attrlabl>
            </attr>
            <attr>
                <attrlabl>COUSUBL</attrlabl>
            </attr>
            <attr>
                <attrlabl>COUNTYR</attrlabl>
            </attr>
            <attr>
                <attrlabl>COUNTYL</attrlabl>
            </attr>
            <attr>
                <attrlabl>BLOCKL</attrlabl>
            </attr>
            <attr>
                <attrlabl>FRLONG</attrlabl>
            </attr>
            <attr>
                <attrlabl>zipy</attrlabl>
            </attr>
            <attr>
                <attrlabl>FEDIRS</attrlabl>
            </attr>
            <attr>
                <attrlabl>PLACEL</attrlabl>
            </attr>
            <attr>
                <attrlabl>TOADDR</attrlabl>
            </attr>
            <attr>
                <attrlabl>TLID</attrlabl>
            </attr>
            <attr>
                <attrlabl>SOURCE</attrlabl>
            </attr>
            <attr>
                <attrlabl>CFCC</attrlabl>
            </attr>
            <attr>
                <attrlabl>TOLONG</attrlabl>
            </attr>
            <attr>
                <attrlabl>Shape</attrlabl>
                <attrdef>Feature geometry.</attrdef>
                <attrdefs>ESRI</attrdefs>
                <attrdomv>
                    					
                    <udom>Coordinates defining the features.</udom>
                    				
                </attrdomv>
            </attr>
            <attr>
                <attrlabl>TOLAT</attrlabl>
            </attr>
            <attr>
                <attrlabl>RT</attrlabl>
            </attr>
            <attr>
                <attrlabl>OBJECTID</attrlabl>
                <attrdef>Internal feature number.</attrdef>
                <attrdefs>Esri</attrdefs>
                <attrdomv>
                    					
                    <udom>Sequential unique whole numbers that are automatically generated.</udom>
                    				
                </attrdomv>
            </attr>
            <attr>
                <attrlabl>ZIPR</attrlabl>
            </attr>
            <attr>
                <attrlabl>ZIPL</attrlabl>
            </attr>
            <attr>
                <attrlabl>PLACER</attrlabl>
            </attr>
            <attr>
                <attrlabl>FRADDR</attrlabl>
            </attr>
            <attr>
                <attrlabl>FRADDL</attrlabl>
            </attr>
            <attr>
                <attrlabl>TRACTR</attrlabl>
            </attr>
            <attr>
                <attrlabl>BLOCKR</attrlabl>
            </attr>
            <attr>
                <attrlabl>FETYPE</attrlabl>
            </attr>
            <attr>
                <attrlabl>COUSUBR</attrlabl>
            </attr>
            <attr>
                <attrlabl>FENAME</attrlabl>
            </attr>
            <attr>
                <attrlabl>FEDIRP</attrlabl>
            </attr>
            <attr>
                <attrlabl>Shape_Length</attrlabl>
                <attrdef>Length of feature in internal units.</attrdef>
                <attrdefs>Esri</attrdefs>
                <attrdomv>
                    					
                    <udom>Positive real numbers that are automatically generated.</udom>
                    				
                </attrdomv>
            </attr>
        </detailed>
        <overview>
            <eaover>Feature Attribute Table for ritigrds05 FID - Software Generated Unique Feature ID Shape - Software Generated Polyline FNODE_ TNODE_ Software Generated from-node/to-node ID LENGTH - Software Generated arc line length in U.S. Survey Feet SOURCE - US Census TIGER table source code FEDIRP - Road name directional prefix (North, South, East, West etc) FENAME - Road name accepted by Census FETYPE - Road Type abbreviation accepted by Census FEDIRS - Road name directional suffix CFCC - Census line type code FRADDL, TOADDL, FRADDR, TOADDR - Numeric address range on left and right side of road centerline arc segment ZIPL, ZIPR - USPS Zip code on left and right side of road centerline arc segment COUNTYL, COUNTYR - Census RI County numeric code left and right side of road centerline arc segment (1=Bristol, 3=Kent, 5=Newport, 7=Providence, 9=Washington COUSUBL, COUSUBR - Census RI County Subdivision code left and right side of road centerline arc segment (City or Town Numeric Codes-undefined) TRACTL, TRACTR - RI Census Tract code (X 100) left and right side of road centerline arc segment FRLONG, FRLAT, TOLONG, TOLONG- Latitude and longitude in decimal degrees</eaover>
            <eadetcit>CENSUS TIGER/LINE Tables</eadetcit>
        </overview>
    </eainfo>
    <distinfo>
        <distrib>
            <cntinfo>
                <cntorgp>
                    <cntorg>University of Rhode Island Environmental Data Center</cntorg>
                    <cntper>Erica Tefft</cntper>
                </cntorgp>
                <cntaddr>
                    <addrtype>mailing and physical</addrtype>
                    <address>1 Greenhouse Road</address>
                    <city>Kingston</city>
                    <state>RI</state>
                    <postal>02881</postal>
                </cntaddr>
                <cntvoice>401-874-5054</cntvoice>
                <cntemail>erica@edc.uri.edu</cntemail>
                <cntinst>email preferred</cntinst>
            </cntinfo>
        </distrib>
        <distliab>See access and use constraints information.</distliab>
        <stdorder>
            <digform>
                <digtinfo>
                    <formname>Esri shapefile</formname>
                    <filedec>ZIP</filedec>
                </digtinfo>
                <digtopt>
                    <onlinopt>
                        <computer>
                            <networka>
                                <networkr>http://www.rigis.org</networkr>
                            </networka>
                        </computer>
                    </onlinopt>
                </digtopt>
            </digform>
            <fees>No fee for downloading directly from the RIGIS Data Distribution System located at http://www.rigis.org.</fees>
        </stdorder>
    </distinfo>
    <metainfo>
        <metd>20161115</metd>
        <metrd>20061103</metrd>
        <metc>
            <cntinfo>
                <cntorgp>
                    <cntorg>RI Department of Administration - RIGIS</cntorg>
                    <cntper>John Stachelhaus</cntper>
                </cntorgp>
                <cntpos>RIGIS Coordinator</cntpos>
                <cntaddr>
                    <addrtype>mailing and physical</addrtype>
                    <address>One Capitol Hill - RIGIS</address>
                    <city>Providence</city>
                    <state>RI</state>
                    <postal>02908 5872</postal>
                    <country>US</country>
                </cntaddr>
                <cntvoice>401-222-67483</cntvoice>
                <cntemail>rigis@admin.ri.gov</cntemail>
                <hours>M-F 8-4 EST</hours>
            </cntinfo>
        </metc>
        <metstdn>FGDC Content Standard for Digital Geospatial Metadata</metstdn>
        <metstdv>FGDC-STD-001-1998</metstdv>
        <mettc>local time</mettc>
        <metsi>
            <metscs>None</metscs>
            <metsc>Unclassified</metsc>
        </metsi>
    </metainfo>
</metadata>
