<?xml version="1.0" encoding="UTF-8"?><metadata>
    <idinfo>
        <citation>
            <citeinfo>
                <origin/>
                <pubdate>20120823</pubdate>
                <title>Fishing and Boating Access</title>
                <edition>2012</edition>
                <geoform>vector digital data</geoform>
                <pubinfo>
                    <pubplace/>
                    <publish>Rhode Island Department of Environmental Management</publish>
                </pubinfo>
                <othercit>Suggested bibliographic reference: RIGIS, 2012. Fishing and Boating Access; fishBoatAcc12. Rhode Island Geographic Information System (RIGIS) Data Distribution System, URL: http://www.rigis.org, Environmental Data Center, University of Rhode Island, Kingston, Rhode Island (last date accessed: 2 October 2014).</othercit>
                <onlink>http://services2.arcgis.com/S8zZg9pg23JUEexQ/arcgis/rest/services/Fishing_and_Boating_Access/FeatureServer</onlink>
                <onlink>http://data.rigis.org/HYDRO/fishBoatAcc12.zip</onlink>
                <lworkcit>
                    <citeinfo>
                        <pubdate>19930101</pubdate>
                        <title>Rhode Island Geographic Information System (RIGIS) Data Distribution System</title>
                    </citeinfo>
                </lworkcit>
            </citeinfo>
        </citation>
        <descript>
            <abstract>Public fishing or boating access areas owned or maintained by the Rhode Island Department of Environmental Management. Includes boat ramps, small craft launch areas, and shore fishing access areas on Rhode Island fresh and salt water bodies.</abstract>
            <purpose>Fishing and boating access locations in Rhode Island.</purpose>
        </descript>
        <timeperd>
            <timeinfo>
                <sngdate>
                    <caldate>20120823</caldate>
                </sngdate>
            </timeinfo>
            <current>publication date</current>
        </timeperd>
        <status>
            <progress>Complete</progress>
            <update>As needed</update>
        </status>
        <spdom>
            <bounding>
                <westbc>-71.844327</westbc>
                <eastbc>-71.130957</eastbc>
                <northbc>42.013156</northbc>
                <southbc>41.147993</southbc>
            </bounding>
        </spdom>
        <keywords>
            <theme>
                <themekt>ISO 19115 Topic Categories</themekt>
                <themekey>planningCadastre</themekey>
                <themekey>inlandWaters</themekey>
                <themekey>oceans</themekey>
            </theme>
            <theme>
                <themekt>None</themekt>
                <themekey>outdoor recreation</themekey>
                <themekey>boat launch</themekey>
                <themekey>canoeing</themekey>
                <themekey>boating</themekey>
                <themekey>fishing</themekey>
                <themekey>recreation</themekey>
                <themekey>boatramp</themekey>
                <themekey>kayaking</themekey>
                <themekey>ramp</themekey>
                <themekey>shoreline access</themekey>
            </theme>
            <place>
                <placekt>None</placekt>
                <placekey>Narragansett Bay</placekey>
                <placekey>Rhode Island</placekey>
                <placekey>Lakes</placekey>
                <placekey>New England</placekey>
                <placekey>waterways</placekey>
                <placekey>Rivers</placekey>
            </place>
        </keywords>
        <accconst>None</accconst>
        <useconst>These data are shared under the RIGIS license agreement, which can be viewed below: This
 dataset is provided 'as is.’ The producer(s) of this dataset, 
contributors to this dataset, the Rhode Island Geographic Information 
System (RIGIS) consortium, the State of Rhode Island, and the University
 of Rhode Island do not make any warranties of any kind for this 
dataset, and are not liable for any loss or damage however and whenever 
caused by any use of this dataset.Please acknowledge both RIGIS 
and the primary producer(s) of this dataset in any derived products.  
Versions of the RIGIS logo suitable for both printed and web-based 
products are available at http://www.rigis.org/logos.</useconst>
        <ptcontac>
            <cntinfo>
                <cntorgp>
                    <cntorg>Rhode Island Department of Environmental Management</cntorg>
                    <cntper>Paul Jordan</cntper>
                </cntorgp>
                <cntpos>Supervising GIS Specialist</cntpos>
                <cntaddr>
                    <addrtype>mailing and physical</addrtype>
                    <address>235 Promenade Street</address>
                    <city>Providence</city>
                    <state>Rhode Island</state>
                    <postal>02908</postal>
                    <country>US</country>
                </cntaddr>
                <cntvoice>401-222-2776 x4315</cntvoice>
                <cntfax>401-222-2069</cntfax>
                <cntemail>paul.jordan@dem.ri.gov</cntemail>
                <hours>8:30am to 4:00pm</hours>
                <cntinst>e-mail is preferred</cntinst>
            </cntinfo>
        </ptcontac>
        <datacred>URI EDC, RIGIS; RI Dept. of Environmental Management</datacred>
        <native>Microsoft Windows 7 Version 6.1 (Build 7601) Service Pack 1; Esri ArcGIS 10.4.1.5686</native>
    </idinfo>
    <dataqual>
        <attracc>
            <attraccr>none</attraccr>
        </attracc>
        <logic>none</logic>
        <complete>none</complete>
        <posacc>
            <horizpa>
                <horizpar>none</horizpar>
            </horizpa>
        </posacc>
        <lineage>
            <procstep>
                <procdesc>Dataset since maintained by RIDEM Division of Planning and Development. Location and attribute information updated using internal records and aerial photograph interpretation.</procdesc>
                <proccont>
                    <cntinfo>
                        <cntorgp>
                            <cntorg>Rhode Island Department of Environmental Management</cntorg>
                            <cntper>Paul Jordan</cntper>
                        </cntorgp>
                        <cntpos>Supervising GIS Specialist</cntpos>
                        <cntaddr>
                            <addrtype>mailing and physical</addrtype>
                            <address>235 Promenade Street</address>
                            <city>Providence</city>
                            <state>Rhode Island</state>
                            <postal>02908</postal>
                            <country>US</country>
                        </cntaddr>
                        <cntvoice>401-222-2776 x4315</cntvoice>
                        <cntfax>401-222-2069</cntfax>
                        <cntemail>paul.jordan@dem.ri.gov</cntemail>
                        <hours>8:30am to 4:00pm</hours>
                        <cntinst>e-mail is preferred</cntinst>
                    </cntinfo>
                </proccont>
            </procstep>
            <procstep>
                <procdesc>In 2001, RIDEM Division of Fish &amp; Wildlife staff visited sites to assess overall conditions and suitability of each site for a particular use. A site sketch was made, driving directions from the nearest main road were written and digital photographs were taken. From the field collected information, locations were heads-up digitized in ArcView 3.2 using 1997 1:5000 black and white ortho-photography as a reference. Digitized locations and information were checked by senior staff for accuracy and completeness.</procdesc>
                <procdate>20010101</procdate>
                <proccont>
                    <cntinfo>
                        <cntorgp>
                            <cntorg>Rhode Island Department of Environmental Management</cntorg>
                            <cntper>Paul Jordan</cntper>
                        </cntorgp>
                        <cntpos>Supervising GIS Specialist</cntpos>
                        <cntaddr>
                            <addrtype>mailing and physical</addrtype>
                            <address>235 Promenade Street</address>
                            <city>Providence</city>
                            <state>Rhode Island</state>
                            <postal>02908</postal>
                            <country>US</country>
                        </cntaddr>
                        <cntvoice>401-222-2776 x4315</cntvoice>
                        <cntfax>401-222-2069</cntfax>
                        <cntemail>paul.jordan@dem.ri.gov</cntemail>
                        <hours>8:30am to 4:00pm</hours>
                        <cntinst>e-mail is preferred</cntinst>
                    </cntinfo>
                </proccont>
            </procstep>
            <procstep>
                <procdesc>Data contributed to RIGIS by the Rhode Island Department of Environmental Management. Metadata were reviewed, minor corrections made to formatting and content, RIGIS distribution information added.</procdesc>
                <procdate>20120828</procdate>
                <proccont>
                    <cntinfo>
                        <cntorgp>
                            <cntorg>University of Rhode Island Environmental Data Center</cntorg>
                            <cntper>Greg Bonynge</cntper>
                        </cntorgp>
                        <cntaddr>
                            <addrtype>mailing and physical</addrtype>
                            <address>1 Greenhouse Road</address>
                            <city>Kingston</city>
                            <state>RI</state>
                            <postal>02881</postal>
                        </cntaddr>
                        <cntvoice>401-874-2180</cntvoice>
                        <cntemail>greg@edc.uri.edu</cntemail>
                        <cntinst>email preferred</cntinst>
                    </cntinfo>
                </proccont>
            </procstep>
        </lineage>
    </dataqual>
    <spdoinfo>
        <direct>Vector</direct>
        <ptvctinf>
            <sdtsterm>
                <sdtstype>Entity point</sdtstype>
                <ptvctcnt>207</ptvctcnt>
            </sdtsterm>
        </ptvctinf>
    </spdoinfo>
    <eainfo>
        <detailed>
            <enttyp>
                <enttypl>HYDRO_Fishing_Boating_Access</enttypl>
            </enttyp>
            <attr>
                <attrlabl>OBJECTID</attrlabl>
                <attrdef>Internal feature number.</attrdef>
                <attrdefs>Esri</attrdefs>
                <attrdomv>
                    					
                    <udom>Sequential unique whole numbers that are automatically generated.</udom>
                    				
                </attrdomv>
            </attr>
            <attr>
                <attrlabl>TYPE</attrlabl>
                <attrdef>Indicates if site represents a boat ramp, smallcraft launch or shorefishing access</attrdef>
                <attrdomv>
                    					
                    <udom>free text</udom>
                    				
                </attrdomv>
            </attr>
            <attr>
                <attrlabl>RMP_CNS</attrlabl>
                <attrdef>Ramp construction type and material where applicable</attrdef>
                <attrdomv>
                    					
                    <udom>free text</udom>
                    				
                </attrdomv>
            </attr>
            <attr>
                <attrlabl>NAME</attrlabl>
                <attrdef>Site name</attrdef>
                <attrdomv>
                    					
                    <udom>free text</udom>
                    				
                </attrdomv>
            </attr>
            <attr>
                <attrlabl>Shape</attrlabl>
                <attrdef>Feature geometry.</attrdef>
                <attrdefs>ESRI</attrdefs>
                <attrdomv>
                    					
                    <udom>Coordinates defining the features.</udom>
                    				
                </attrdomv>
            </attr>
            <attr>
                <attrlabl>UNI</attrlabl>
                <attrdef>Indicates if site includes universal design principles for access by disabled persons</attrdef>
                <attrdomv>
                    					
                    <udom>free text</udom>
                    				
                </attrdomv>
            </attr>
            <attr>
                <attrlabl>Lat</attrlabl>
                <attrdef>Latitude of site</attrdef>
            </attr>
            <attr>
                <attrlabl>PARK</attrlabl>
                <attrdef>notes on parking lot condition and size</attrdef>
                <attrdomv>
                    					
                    <udom>free text</udom>
                    				
                </attrdomv>
            </attr>
            <attr>
                <attrlabl>Lon</attrlabl>
                <attrdef>Longitude of site</attrdef>
            </attr>
            <attr>
                <attrlabl>Ownership</attrlabl>
                <attrdef>Indicates if site is owned by the State of Rhode Island or a municipality.</attrdef>
                <attrdomv>
                    					
                    <udom>free text</udom>
                    				
                </attrdomv>
            </attr>
            <attr>
                <attrlabl>Wat_Ttp</attrlabl>
                <attrdef>Indicates if fresh or salt water is present at site.</attrdef>
                <attrdomv>
                    					
                    <udom>free text</udom>
                    				
                </attrdomv>
            </attr>
            <attr>
                <attrlabl>RSTRCTN</attrlabl>
                <attrdef>general comments about site access or usage restrictions and other notes of interest</attrdef>
                <attrdomv>
                    					
                    <udom>free text</udom>
                    				
                </attrdomv>
            </attr>
            <attr>
                <attrlabl>RMP_CND</attrlabl>
                <attrdef>General condition of ramp where applicable</attrdef>
                <attrdomv>
                    					
                    <udom>free text</udom>
                    				
                </attrdomv>
            </attr>
            <attr>
                <attrlabl>ID</attrlabl>
                <attrdef>Unique site identifier</attrdef>
                <attrdomv>
                    					
                    <udom>Unique whole numbers that are automatically generated.</udom>
                    				
                </attrdomv>
            </attr>
        </detailed>
    </eainfo>
    <distinfo>
        <distrib>
            <cntinfo>
                <cntorgp>
                    <cntorg>University of Rhode Island Environmental Data Center</cntorg>
                    <cntper>Erica Tefft</cntper>
                </cntorgp>
                <cntaddr>
                    <addrtype>mailing and physical</addrtype>
                    <address>1 Greenhouse Road</address>
                    <city>Kingston</city>
                    <state>RI</state>
                    <postal>02881</postal>
                </cntaddr>
                <cntvoice>401-874-5054</cntvoice>
                <cntemail>erica@edc.uri.edu</cntemail>
                <cntinst>email preferred</cntinst>
            </cntinfo>
        </distrib>
        <distliab>See access and use constraints information.</distliab>
        <stdorder>
            <digform>
                <digtinfo>
                    <formname>Esri shapefile</formname>
                    <filedec>ZIP</filedec>
                </digtinfo>
                <digtopt>
                    <onlinopt>
                        <computer>
                            <networka>
                                <networkr>http://www.rigis.org</networkr>
                            </networka>
                        </computer>
                    </onlinopt>
                </digtopt>
            </digform>
            <fees>No fee for downloading directly from the RIGIS Data Distribution System located at http://www.rigis.org.</fees>
        </stdorder>
    </distinfo>
    <metainfo>
        <metd>20161115</metd>
        <metrd>20120828</metrd>
        <metc>
            <cntinfo>
                <cntorgp>
                    <cntorg>Rhode Island Department of Environmental Management</cntorg>
                    <cntper>Paul Jordan</cntper>
                </cntorgp>
                <cntpos>Supervising GIS Specialist</cntpos>
                <cntaddr>
                    <addrtype>mailing and physical</addrtype>
                    <address>235 Promenade Street</address>
                    <city>Providence</city>
                    <state>Rhode Island</state>
                    <postal>02908</postal>
                    <country>US</country>
                </cntaddr>
                <cntvoice>401-222-2776 x4315</cntvoice>
                <cntfax>401-222-2069</cntfax>
                <cntemail>paul.jordan@dem.ri.gov</cntemail>
                <hours>8:30am to 4:00pm</hours>
                <cntinst>e-mail is preferred</cntinst>
            </cntinfo>
        </metc>
        <metstdn>FGDC Content Standard for Digital Geospatial Metadata</metstdn>
        <metstdv>FGDC-STD-001-1998</metstdv>
        <mettc>local time</mettc>
    </metainfo>
</metadata>
